Source,Target
P25788,O00231
P25788,O00232
P25788,O00487
P25788,O14640
P25788,O14818
P25788,O43242
P25788,O43364
P25788,O43592
P25788,O95202
P25788,O95561
P25788,P01116
P25788,P02511
P25788,P04792
P25788,P17980
P25788,P18428
P25788,P18615
P25788,P20618
P25788,P25786
P25788,P25787
P25788,P25789
P25788,P28065
P25788,P28066
P25788,P28070
P25788,P28072
P25788,P28074
P25788,P35998
P25788,P40306
P25788,P43686
P25788,P49720
P25788,P49721
P25788,P51665
P25788,P55036
P25788,P60900
P25788,P62191
P25788,P62195
P25788,P62333
P25788,Q0PNE2
P25788,Q14997
P25788,Q14CW7
P25788,Q15008
P25788,Q16186
P25788,Q16401
P25788,Q58A44
P25788,Q5RKV6
P25788,Q66K80
P25788,Q6NUJ5
P25788,Q6UWL6
P25788,Q7KZQ1
P25788,Q7Z3D6
P25788,Q86SZ9
P25788,Q8N2R0
P25788,Q8N779
P25788,Q8N7Y1
P25788,Q8N895
P25788,Q8NAJ2
P25788,Q8ND83
P25788,Q8TAA3
P25788,Q96AA3
P25788,Q96CW7
P25788,Q96MZ4
P25788,Q96N28
P25788,Q99436
P25788,Q99460
P25788,Q9BT73
P25788,Q9H0D6
P25788,Q9H8E5
P25788,Q9HAA0
P25788,Q9NPD3
P25788,Q9NQT4
P25788,Q9P1R6
P25788,Q9UL46
P25788,Q9UNM6
P25788,Q9Y244
P25788,Q9Y2T2
P25788,Q9Y5K5
P25788,V9HW09
P25788,V9HW27
P25788,V9HW43
P25788,V9HWJ8
P25788,X5CMJ9
A0A5B9,P01848
A0A5B9,P30512
A0A5B9,P78358
P01848,P01850
P01848,P01903
P01848,P13747
P01848,P13760
P01848,P30512
P01848,P60174
P01848,P78358
P01848,Q31612
P30512,A2IXV5
P30512,O75767
P30512,P01308
P30512,P01850
P30512,P02771
P30512,P33241
P30512,P43630
P30512,P61769
P30512,P78358
P30512,Q16655
P30512,Q6PJ56
P30512,Q86UW6
P30512,Q8NHL6
P30512,Q8WVV4
P30512,Q92619
P30512,Q92959
P78358,P01850
A0AVI4,P55036
A0AVI4,Q15198
A0AVI4,Q96H12
A0AVI4,Q96QB1
P55036,A8K8G8
P55036,O00231
P55036,O00232
P55036,O00233
P55036,O00487
P55036,O14818
P55036,O43242
P55036,O75832
P55036,O95163
P55036,P17980
P55036,P20618
P55036,P25054
P55036,P25786
P55036,P25787
P55036,P25789
P55036,P28066
P55036,P28070
P55036,P28072
P55036,P28074
P55036,P35998
P55036,P40306
P55036,P43686
P55036,P49720
P55036,P49721
P55036,P51665
P55036,P60900
P55036,P62191
P55036,P62195
P55036,P62333
P55036,Q15008
P55036,Q16186
P55036,Q16401
P55036,Q86YJ7
P55036,Q8NI22
P55036,Q99436
P55036,Q99460
P55036,Q9P2G1
P55036,Q9UNM6
P55036,Q9Y5K5
P55036,V9HW09
P55036,V9HW51
P55036,V9HW58
P55036,X5CMJ9
Q15198,O00757
Q15198,O60911
Q15198,P01112
Q15198,P01137
Q15198,P23025
Q15198,P46060
Q15198,P62714
Q15198,Q00597
Q15198,Q02750
Q15198,Q14032
Q15198,Q15797
Q15198,Q16644
Q15198,Q6FHJ7
Q15198,Q96LZ3
Q15198,Q9BYX2
Q15198,Q9P1Z9
Q15198,Q9Y2H8
Q96H12,O43683
Q96H12,P12830
Q96H12,P23508
Q96H12,P35080
Q96H12,P36894
Q96H12,Q13485
Q96H12,Q8TAG5
Q96H12,Q9UHC1
Q96H12,Q9UIF7
Q96QB1,O00757
Q96QB1,O60729
Q96QB1,O60911
Q96QB1,O75820
Q96QB1,P01137
Q96QB1,P23025
Q96QB1,P28289
Q96QB1,P37058
Q96QB1,P46060
Q96QB1,P56962
Q96QB1,Q00597
Q96QB1,Q14032
Q96QB1,Q15797
Q96QB1,Q16644
Q96QB1,Q6FHJ7
Q96QB1,Q8IYR6
Q96QB1,Q8N6M6
Q96QB1,Q8NHU6
Q96QB1,Q92828
Q96QB1,Q96LZ3
Q96QB1,Q9BU70
Q96QB1,Q9BXL5
Q96QB1,Q9P1Z9
Q96QB1,Q9Y2H8
A0JLT2,O60244
A0JLT2,O75448
A0JLT2,O75586
A0JLT2,Q15648
A0JLT2,Q6P2C8
A0JLT2,Q93074
A0JLT2,Q96G25
A0JLT2,Q9BTT4
A0JLT2,Q9BUE0
A0JLT2,Q9BWU1
A0JLT2,Q9H944
A0JLT2,Q9NPJ6
A0JLT2,Q9NVC6
A0JLT2,Q9NX70
A0JLT2,Q9UHV7
A0JLT2,Q9Y2X0
O60244,O75448
O60244,O75586
O60244,P36956
O60244,P49336
O60244,Q13503
O60244,Q15648
O60244,Q6P2C8
O60244,Q6PJ56
O60244,Q93074
O60244,Q96G25
O60244,Q96RN5
O60244,Q9BTT4
O60244,Q9BUE0
O60244,Q9BWU1
O60244,Q9H944
O60244,Q9NPJ6
O60244,Q9NVC6
O60244,Q9NX70
O60244,Q9P086
O60244,Q9UHV7
O60244,Q9ULK4
O60244,Q9UPN7
O60244,Q9Y2X0
O60244,Q9Y4A5
O75448,O75586
O75448,P36956
O75448,P49336
O75448,Q13503
O75448,Q15528
O75448,Q15648
O75448,Q15796
O75448,Q15797
O75448,Q6P2C8
O75448,Q6PJ56
O75448,Q71SY5
O75448,Q93074
O75448,Q96G25
O75448,Q96RN5
O75448,Q9BTT4
O75448,Q9BUE0
O75448,Q9BWU1
O75448,Q9H944
O75448,Q9NPJ6
O75448,Q9NVC6
O75448,Q9NX70
O75448,Q9P086
O75448,Q9UHV7
O75448,Q9ULK4
O75448,Q9UPN7
O75448,Q9Y2X0
O75448,Q9Y4A5
O75586,P36956
O75586,P49336
O75586,Q13503
O75586,Q15648
O75586,Q15796
O75586,Q15797
O75586,Q6IAZ5
O75586,Q6P2C8
O75586,Q71F56
O75586,Q71SY5
O75586,Q93074
O75586,Q96G25
O75586,Q96RN5
O75586,Q9BTT4
O75586,Q9BUE0
O75586,Q9BWU1
O75586,Q9H944
O75586,Q9NPJ6
O75586,Q9NVC6
O75586,Q9NX70
O75586,Q9P086
O75586,Q9UHV7
O75586,Q9ULK4
O75586,Q9Y2X0
Q15648,P36956
Q15648,P49336
Q15648,Q13503
Q15648,Q6P2C8
Q15648,Q6PJ56
Q15648,Q71SY5
Q15648,Q93074
Q15648,Q96G25
Q15648,Q96RN5
Q15648,Q9BTT4
Q15648,Q9BUE0
Q15648,Q9BWU1
Q15648,Q9H944
Q15648,Q9NPJ6
Q15648,Q9NVC6
Q15648,Q9NX70
Q15648,Q9P086
Q15648,Q9UHV7
Q15648,Q9Y2X0
Q15648,Q9Y4A5
Q6P2C8,P02771
Q6P2C8,Q71F56
Q6P2C8,Q93074
Q6P2C8,Q96G25
Q6P2C8,Q96HR3
Q6P2C8,Q96RN5
Q6P2C8,Q9BTT4
Q6P2C8,Q9BUE0
Q6P2C8,Q9BWU1
Q6P2C8,Q9H944
Q6P2C8,Q9NPJ6
Q6P2C8,Q9NVC6
Q6P2C8,Q9NX70
Q6P2C8,Q9P086
Q6P2C8,Q9UHV7
Q6P2C8,Q9Y2X0
Q93074,P36956
Q93074,P49336
Q93074,Q13503
Q93074,Q6PJ56
Q93074,Q71F56
Q93074,Q96G25
Q93074,Q9BTT4
Q93074,Q9BUE0
Q93074,Q9BWU1
Q93074,Q9H9S0
Q93074,Q9NPJ6
Q93074,Q9NVC6
Q93074,Q9NX70
Q93074,Q9P086
Q93074,Q9UHV7
Q93074,Q9Y2X0
Q93074,Q9Y4A5
Q96G25,P49336
Q96G25,Q13503
Q96G25,Q8TB05
Q96G25,Q96RN5
Q96G25,Q9BTT4
Q96G25,Q9BUE0
Q96G25,Q9BWU1
Q96G25,Q9H944
Q96G25,Q9NPJ6
Q96G25,Q9NVC6
Q96G25,Q9NX70
Q96G25,Q9P086
Q96G25,Q9UHV7
Q96G25,Q9Y2X0
Q9BTT4,O43513
Q9BTT4,O95402
Q9BTT4,P49336
Q9BTT4,Q13503
Q9BTT4,Q15528
Q9BTT4,Q71F56
Q9BTT4,Q71SY5
Q9BTT4,Q96HR3
Q9BTT4,Q96RN5
Q9BTT4,Q9BUE0
Q9BTT4,Q9BWU1
Q9BTT4,Q9H944
Q9BTT4,Q9NPJ6
Q9BTT4,Q9NVC6
Q9BTT4,Q9NWA0
Q9BTT4,Q9NX70
Q9BTT4,Q9P086
Q9BTT4,Q9UHV7
Q9BTT4,Q9ULK4
Q9BTT4,Q9Y2X0
Q9BUE0,Q13503
Q9BUE0,Q96RN5
Q9BUE0,Q9BWU1
Q9BUE0,Q9H944
Q9BUE0,Q9NPJ6
Q9BUE0,Q9NVC6
Q9BUE0,Q9NX70
Q9BUE0,Q9P086
Q9BUE0,Q9UHV7
Q9BUE0,Q9ULK4
Q9BUE0,Q9Y2X0
Q9BWU1,O43513
Q9BWU1,O95402
Q9BWU1,P49336
Q9BWU1,Q13503
Q9BWU1,Q15528
Q9BWU1,Q71F56
Q9BWU1,Q96HR3
Q9BWU1,Q96RN5
Q9BWU1,Q9H944
Q9BWU1,Q9NPJ6
Q9BWU1,Q9NVC6
Q9BWU1,Q9NWA0
Q9BWU1,Q9NX70
Q9BWU1,Q9P086
Q9BWU1,Q9UHV7
Q9BWU1,Q9ULK4
Q9BWU1,Q9Y2X0
Q9H944,Q15528
Q9H944,Q96RN5
Q9H944,Q9NPJ6
Q9H944,Q9NVC6
Q9H944,Q9NX70
Q9H944,Q9P086
Q9NPJ6,O43617
Q9NPJ6,O75865
Q9NPJ6,P48553
Q9NPJ6,Q13503
Q9NPJ6,Q15063
Q9NPJ6,Q15528
Q9NPJ6,Q5T215
Q9NPJ6,Q7Z392
Q9NPJ6,Q86SZ2
Q9NPJ6,Q8N5D0
Q9NPJ6,Q8TB72
Q9NPJ6,Q96RN5
Q9NPJ6,Q9H0N5
Q9NPJ6,Q9NVC6
Q9NPJ6,Q9NWA0
Q9NPJ6,Q9NX70
Q9NPJ6,Q9P086
Q9NPJ6,Q9UHV7
Q9NPJ6,Q9UPW0
Q9NPJ6,Q9Y296
Q9NPJ6,Q9Y2L5
Q9NPJ6,Q9Y2X0
Q9NVC6,Q13503
Q9NVC6,Q15528
Q9NVC6,Q6PJ56
Q9NVC6,Q96RN5
Q9NVC6,Q9BXL5
Q9NVC6,Q9NX70
Q9NVC6,Q9P086
Q9NVC6,Q9UHV7
Q9NVC6,Q9Y2X0
Q9NVC6,Q9Y4A5
Q9NX70,Q13503
Q9NX70,Q96RN5
Q9NX70,Q9P086
Q9NX70,Q9UHV7
Q9NX70,Q9Y2X0
Q9UHV7,P36956
Q9UHV7,Q13503
Q9UHV7,Q969H0
Q9UHV7,Q9ULK4
Q9UHV7,Q9Y2X0
Q9UHV7,Q9Y4A5
Q9Y2X0,Q13503
Q9Y2X0,Q6PJ56
Q9Y2X0,Q71F56
Q9Y2X0,Q96RN5
Q9Y2X0,Q9NWA0
Q9Y2X0,Q9P086
Q9Y2X0,Q9Y4A5
P13501,O95429
P13501,P01116
P13501,P01137
P13501,P12830
P13501,P22732
P13501,P25054
P13501,P46060
P13501,Q86YC2
A0S2M1,P25054
P25054,A8CG34
P25054,B4DET5
P25054,O43683
P25054,O60911
P25054,O95661
P25054,P01137
P25054,P01876
P25054,P04155
P25054,P04264
P25054,P09467
P25054,P11245
P25054,P28289
P25054,P35221
P25054,P35527
P25054,Q00597
P25054,Q02750
P25054,Q13007
P25054,Q14032
P25054,Q14160
P25054,Q15797
P25054,Q16787
P25054,Q5JTC6
P25054,Q5T7W7
P25054,Q5ZF01
P25054,Q69YQ0
P25054,Q6P2D7
P25054,Q86T90
P25054,Q8IVL0
P25054,Q8IYR6
P25054,Q8N944
P25054,Q8TB52
P25054,Q8TD06
P25054,Q96JY6
P25054,Q96LZ3
P25054,Q99460
P25054,Q9C075
P25054,Q9H2Y7
P25054,Q9HCH0
P25054,Q9NTG0
P25054,Q9P267
P25054,Q9UBP4
P25054,Q9Y2H8
P25054,Q9Y2T1
P25054,Q9Y613
P25054,V9HW29
A0ZT98,P36897
A0ZT98,P37173
P36897,B4DNC0
P36897,O00212
P36897,O00238
P36897,O00743
P36897,O14718
P36897,O94844
P36897,P01137
P36897,P08567
P36897,P10114
P36897,P10600
P36897,P17813
P36897,P20337
P36897,P37173
P36897,P48454
P36897,P49354
P36897,P49356
P36897,P51153
P36897,P57729
P36897,P61599
P36897,P61812
P36897,P84095
P36897,Q00005
P36897,Q00532
P36897,Q00537
P36897,Q04771
P36897,Q13485
P36897,Q13873
P36897,Q14160
P36897,Q14D04
P36897,Q15796
P36897,Q15797
P36897,Q16625
P36897,Q3SXY8
P36897,Q58WW2
P36897,Q5T6F0
P36897,Q6ICQ8
P36897,Q6PF15
P36897,Q70EL2
P36897,Q70Z35
P36897,Q7Z418
P36897,Q8NFA2
P36897,Q8TAI7
P36897,Q8TAS1
P36897,Q8TAX0
P36897,Q8TDR2
P36897,Q8WUH2
P36897,Q96D21
P36897,Q9BTX7
P36897,Q9BVA0
P36897,Q9BZG1
P36897,Q9GZM3
P36897,Q9H082
P36897,Q9H093
P36897,Q9H4E5
P36897,Q9H4M3
P36897,Q9H5K3
P36897,Q9NW61
P36897,Q9NWN3
P36897,Q9NYN1
P36897,Q9NYS0
P36897,Q9UF11
P36897,Q9UHE5
P36897,Q9UK99
P36897,Q9Y6I7
P36897,Q9Y6J8
P36897,V9HVY4
P37173,P01137
P37173,P10600
P37173,P17813
P37173,P37023
P37173,P62714
P37173,Q00597
P37173,Q02750
P37173,Q03167
P37173,Q04771
P37173,Q12841
P37173,Q13485
P37173,Q14160
P37173,Q16625
P37173,Q5JR98
P37173,Q7Z418
P37173,Q8TAX0
P37173,Q9BU70
P37173,Q9NWN3
P37173,Q9Y2H8
P35221,O00757
P35221,O60911
P35221,O75474
P35221,O75820
P35221,P01112
P35221,P05062
P35221,P09467
P35221,P12830
P35221,P22223
P35221,P37058
P35221,P56962
P35221,Q02750
P35221,Q14032
P35221,Q15797
P35221,Q6FHJ7
P35221,Q8NHU6
P35221,Q96HF1
P35221,Q96KN1
P35221,Q9P1Z9
P35221,Q9Y2H8
Q13503,P49336
Q13503,Q15528
Q13503,Q8NBB4
Q13503,Q9H0N5
Q13503,Q9P086
P28070,E9KL30
P28070,O00231
P28070,O00232
P28070,O00487
P28070,O14818
P28070,O43242
P28070,P17980
P28070,P18615
P28070,P20618
P28070,P25786
P28070,P25787
P28070,P25789
P28070,P28065
P28070,P28066
P28070,P28072
P28070,P28074
P28070,P35998
P28070,P40306
P28070,P40855
P28070,P43686
P28070,P49720
P28070,P49721
P28070,P51665
P28070,P54368
P28070,P60900
P28070,P62191
P28070,P62195
P28070,P62333
P28070,P78345
P28070,Q15008
P28070,Q15797
P28070,Q16186
P28070,Q16401
P28070,Q8TAA3
P28070,Q92466
P28070,Q96A49
P28070,Q99436
P28070,Q99460
P28070,Q9H4G0
P28070,Q9P1R6
P28070,Q9UNM6
P28070,Q9Y244
P28070,Q9Y5K5
P28070,V9HW09
P28070,V9HW29
P28070,V9HWJ8
P28070,X5CMJ9
A1X283,Q9Y2L1
Q9Y2L1,Q01780
Q9Y2L1,Q06265
Q9Y2L1,Q13868
Q9Y2L1,Q15024
Q9Y2L1,Q96B26
Q9Y2L1,Q9NPD3
Q9Y2L1,Q9NQT5
A1YPR0,P36956
P36956,O43513
P36956,O95402
P36956,Q6IAZ5
P36956,Q969H0
P36956,Q96RN5
P36956,Q9ULK4
A2IXV5,P17693
A2IXV5,Q31612
P17693,P61769
P17693,Q8N423
P17693,Q8NHL6
Q31612,P01834
Q31612,P01850
Q31612,P20036
Q31612,P43629
Q31612,P47871
Q31612,P47974
Q31612,P61769
Q31612,Q01668
Q31612,Q6PJ56
Q31612,Q9NTG0
A2RRP1,P04792
A2RRP1,V9HW43
P04792,A6NDB9
P04792,A6NDS4
P04792,A6NEK1
P04792,A6NIR3
P04792,A7E2F4
P04792,O14950
P04792,O15228
P04792,O43396
P04792,O60503
P04792,O75794
P04792,O75817
P04792,O75901
P04792,O95248
P04792,P02489
P04792,P02511
P04792,P17707
P04792,P18428
P04792,P22674
P04792,P28715
P04792,P35626
P04792,P43080
P04792,P43320
P04792,P46199
P04792,P47813
P04792,P49721
P04792,P51790
P04792,P52739
P04792,P60900
P04792,P62191
P04792,P82251
P04792,Q02790
P04792,Q0ZGT2
P04792,Q13822
P04792,Q14C86
P04792,Q15057
P04792,Q16644
P04792,Q2TAA8
P04792,Q5F1R6
P04792,Q5JTW2
P04792,Q5TC79
P04792,Q5VTM2
P04792,Q5VUJ5
P04792,Q5VYK3
P04792,Q6NSX1
P04792,Q6UWJ1
P04792,Q6ZP65
P04792,Q6ZWH5
P04792,Q7L0X2
P04792,Q86TI0
P04792,Q86UC2
P04792,Q86V48
P04792,Q86YS6
P04792,Q8N584
P04792,Q8N5S3
P04792,Q8N9W8
P04792,Q8NE79
P04792,Q8TBY9
P04792,Q8WW33
P04792,Q92527
P04792,Q92990
P04792,Q969Q6
P04792,Q96FC7
P04792,Q96JB5
P04792,Q96KW9
P04792,Q96P47
P04792,Q96P64
P04792,Q96SU4
P04792,Q99460
P04792,Q99547
P04792,Q9BQE6
P04792,Q9BR61
P04792,Q9BRX2
P04792,Q9BS16
P04792,Q9BT25
P04792,Q9BV29
P04792,Q9H4G0
P04792,Q9NX46
P04792,Q9NXX6
P04792,Q9P0J7
P04792,Q9P0W8
P04792,Q9P243
P04792,Q9UEY8
P04792,Q9UJY1
P04792,Q9ULT6
P04792,Q9Y448
P04792,Q9Y597
P04792,Q9Y657
V9HW43,A6NDB9
V9HW43,A6NDS4
V9HW43,A6NEK1
V9HW43,A6NIR3
V9HW43,A7E2F4
V9HW43,B4DXL2
V9HW43,E9PRG8
V9HW43,O14950
V9HW43,O15228
V9HW43,O60503
V9HW43,O75794
V9HW43,O75817
V9HW43,O75901
V9HW43,O95248
V9HW43,P02489
V9HW43,P07315
V9HW43,P18428
V9HW43,P22674
V9HW43,P28715
V9HW43,P35626
V9HW43,P40855
V9HW43,P43080
V9HW43,P43320
V9HW43,P46199
V9HW43,P47813
V9HW43,P49721
V9HW43,P51790
V9HW43,P52739
V9HW43,P54578
V9HW43,P60900
V9HW43,P62191
V9HW43,P82251
V9HW43,Q02790
V9HW43,Q0ZGT2
V9HW43,Q13822
V9HW43,Q14C86
V9HW43,Q15057
V9HW43,Q16644
V9HW43,Q2TAA8
V9HW43,Q5F1R6
V9HW43,Q5JTW2
V9HW43,Q5VYK3
V9HW43,Q6N0B2
V9HW43,Q6NSX1
V9HW43,Q6UWJ1
V9HW43,Q6ZP65
V9HW43,Q7L0X2
V9HW43,Q86UC2
V9HW43,Q86V48
V9HW43,Q8N584
V9HW43,Q8N5S3
V9HW43,Q8N774
V9HW43,Q8N9W8
V9HW43,Q8NC59
V9HW43,Q8NE79
V9HW43,Q8TBY9
V9HW43,Q8WW33
V9HW43,Q8WYT0
V9HW43,Q92527
V9HW43,Q92990
V9HW43,Q969Q6
V9HW43,Q96FC7
V9HW43,Q96JB5
V9HW43,Q96KW9
V9HW43,Q96P47
V9HW43,Q96P64
V9HW43,Q96SU4
V9HW43,Q99460
V9HW43,Q99547
V9HW43,Q9BR61
V9HW43,Q9BRX2
V9HW43,Q9BS16
V9HW43,Q9BT25
V9HW43,Q9BV29
V9HW43,Q9H4G0
V9HW43,Q9H8B3
V9HW43,Q9NX46
V9HW43,Q9NXX6
V9HW43,Q9P0J7
V9HW43,Q9P243
V9HW43,Q9UEY8
V9HW43,Q9UJY1
V9HW43,Q9ULT6
V9HW43,Q9Y448
V9HW43,Q9Y597
V9HW43,Q9Y657
V9HW43,V9HVY9
V9HW43,V9HW27
V9HW43,V9HW51
P42771,O60729
P42771,O60911
P42771,O75398
P42771,O75474
P42771,P01112
P42771,P01137
P42771,P05062
P42771,P11245
P42771,P17980
P42771,P24385
P42771,P28289
P42771,P40855
P42771,P60468
P42771,P78345
P42771,Q02750
P42771,Q14032
P42771,Q14093
P42771,Q16644
P42771,Q6FHJ7
P42771,Q8IXK2
P42771,Q8IYR6
P42771,Q8N6M6
P42771,Q8NHU6
P42771,Q96IG8
P42771,Q96JB5
P42771,Q9P1Z9
P09467,O00757
P09467,O43683
P09467,O60603
P09467,P15056
P09467,P26717
P09467,P36894
P09467,P43146
P09467,P43246
P09467,Q15831
P09467,Q8NFG4
P09467,Q969H0
P09467,Q9UHC1
P09467,Q9Y2T1
P23508,O60729
P23508,O75474
P23508,O75820
P23508,P01137
P23508,P05062
P23508,P37058
P23508,P49336
P23508,P60468
P23508,Q14032
P23508,Q14093
P23508,Q14160
P23508,Q5T7W7
P23508,Q6FHJ7
P23508,Q9BU70
P23508,Q9BXL5
P23508,Q9P1Z9
P47736,P15056
P47736,P35080
P47736,Q6ZN04
P47736,Q9Y330
Q15796,B4DNC0
Q15796,C9J442
Q15796,O00212
Q15796,O00231
Q15796,O00757
Q15796,O14640
Q15796,O94844
Q15796,P0DML3
Q15796,P17098
Q15796,P23025
Q15796,P35453
Q15796,P35556
Q15796,P37058
Q15796,P40855
Q15796,P43268
Q15796,P48556
Q15796,P49336
Q15796,P49796
Q15796,P56915
Q15796,P57729
Q15796,P78524
Q15796,Q00005
Q15796,Q00887
Q15796,Q02750
Q15796,Q13178
Q15796,Q13485
Q15796,Q14093
Q15796,Q15797
Q15796,Q2LD37
Q15796,Q58WW2
Q15796,Q66LE6
Q15796,Q6IPX3
Q15796,Q6PF11
Q15796,Q70Z35
Q15796,Q86TI0
Q15796,Q8N6E6
Q15796,Q8NC59
Q15796,Q8TAI7
Q15796,Q8TAS1
Q15796,Q92828
Q15796,Q96D21
Q15796,Q96MY7
Q15796,Q96RN5
Q15796,Q9BU70
Q15796,Q9BVG3
Q15796,Q9BZG1
Q15796,Q9H093
Q15796,Q9H2Y7
Q15796,Q9H4E5
Q15796,Q9H5C5
Q15796,Q9NQ55
Q15796,Q9NRC3
Q15796,Q9NXB0
Q15796,Q9NYN1
Q15796,Q9UK99
Q15796,Q9Y2H8
Q15796,Q9Y2U8
Q15796,V9HW09
A4D1T0,P40692
P40692,O15484
P40692,O43688
P40692,O60645
P40692,O60911
P40692,O75474
P40692,O95870
P40692,O95994
P40692,P01834
P40692,P05062
P40692,P20585
P40692,P23025
P40692,P25786
P40692,P36955
P40692,P37058
P40692,P41222
P40692,P43246
P40692,P52701
P40692,P54277
P40692,P54278
P40692,P56470
P40692,P56962
P40692,P62714
P40692,P63267
P40692,Q02817
P40692,Q07065
P40692,Q0PNE2
P40692,Q14032
P40692,Q14093
P40692,Q15797
P40692,Q5T0D9
P40692,Q6NSI4
P40692,Q6PYX1
P40692,Q8NHU6
P40692,Q969P5
P40692,Q969T7
P40692,Q9BU70
P40692,Q9H0J9
P40692,Q9H9S4
P40692,Q9HD43
P40692,Q9NUN7
P40692,Q9NVD7
P40692,Q9P1Z9
P40692,Q9UGK3
P40692,Q9UHC1
P40692,Q9UHF4
P40692,Q9UHV5
P40692,Q9Y2M0
P40692,Q9Y6R7
A5PKW4,O60234
A5PKW4,Q96S21
O60234,Q8TAA9
Q96S21,Q96NW4
Q8WY41,Q8TB72
A6NDB9,Q6IA17
A6NE52,Q969H0
Q969H0,O00757
Q969H0,O14640
Q969H0,P01112
Q969H0,P01137
Q969H0,P17936
Q969H0,P23025
Q969H0,P28289
Q969H0,P60468
Q969H0,Q00597
Q969H0,Q02750
Q969H0,Q13007
Q969H0,Q15797
Q969H0,Q16644
Q969H0,Q71F56
Q969H0,Q8IXK2
Q969H0,Q96LZ3
Q969H0,Q96QR1
Q969H0,Q9BXL5
Q969H0,Q9H6U6
Q969H0,Q9HBH7
Q969H0,Q9UBI4
Q969H0,Q9Y2H8
Q5VYK3,O00231
Q5VYK3,O00232
Q5VYK3,O00487
Q5VYK3,O43242
Q5VYK3,O75976
Q5VYK3,P28066
Q5VYK3,P35998
Q5VYK3,P60900
Q5VYK3,P62195
Q5VYK3,P62333
Q5VYK3,Q16186
Q5VYK3,Q69YQ0
Q5VYK3,Q99460
Q5VYK3,Q9UNM6
Q5VYK3,Q9Y4F5
Q5VYK3,Q9Y5K5
Q5VYK3,V9HW09
Q5VYK3,V9HW29
Q5VYK3,V9HW51
P35998,O00231
P35998,O00232
P35998,O00233
P35998,O00487
P35998,O14818
P35998,O43242
P35998,O75832
P35998,P17980
P35998,P20618
P35998,P25786
P35998,P25787
P35998,P25789
P35998,P28066
P35998,P28072
P35998,P28074
P35998,P43686
P35998,P48556
P35998,P49720
P35998,P49721
P35998,P51665
P35998,P60900
P35998,P62191
P35998,P62195
P35998,P62333
P35998,Q15008
P35998,Q16186
P35998,Q16401
P35998,Q6NZY4
P35998,Q86SZ9
P35998,Q8NI22
P35998,Q8TAA3
P35998,Q99436
P35998,Q99460
P35998,Q9NWV8
P35998,Q9UL46
P35998,Q9UNM6
P35998,Q9Y244
P35998,Q9Y3D3
P35998,Q9Y5K5
P35998,V9HW09
P35998,V9HW51
P35998,V9HW58
P35998,V9HWJ8
P35998,X5CMJ9
O43242,O00231
O43242,O00232
O43242,O00233
O43242,O00487
O43242,O14818
O43242,O75832
O43242,P17980
O43242,P20618
O43242,P25786
O43242,P25787
O43242,P25789
O43242,P28066
O43242,P28072
O43242,P28074
O43242,P43686
O43242,P49720
O43242,P49721
O43242,P51665
O43242,P60896
O43242,P60900
O43242,P62191
O43242,P62195
O43242,P62333
O43242,Q14997
O43242,Q15008
O43242,Q16186
O43242,Q16401
O43242,Q6N069
O43242,Q8NI22
O43242,Q8TAA3
O43242,Q99436
O43242,Q99460
O43242,Q9H583
O43242,Q9NWV8
O43242,Q9NYL9
O43242,Q9P0J7
O43242,Q9UNM6
O43242,Q9Y5K5
O43242,V9HW09
O43242,V9HW51
O43242,X5CMJ9
P43686,O00231
P43686,O00232
P43686,O00233
P43686,O00487
P43686,O14818
P43686,O75832
P43686,O95163
P43686,P17980
P43686,P20618
P43686,P25786
P43686,P25787
P43686,P25789
P43686,P28066
P43686,P28072
P43686,P28074
P43686,P49720
P43686,P49721
P43686,P51665
P43686,P54578
P43686,P60900
P43686,P62191
P43686,P62195
P43686,P62333
P43686,Q0PNE2
P43686,Q15008
P43686,Q16186
P43686,Q16401
P43686,Q6NZY4
P43686,Q86SZ9
P43686,Q8NI22
P43686,Q8TAA3
P43686,Q99436
P43686,Q99460
P43686,Q9NWV8
P43686,Q9NYL9
P43686,Q9UL46
P43686,Q9UNM6
P43686,Q9Y5K5
P43686,V9HW09
P43686,V9HW58
P43686,X5CMJ9
Q15831,O00757
Q15831,O60729
Q15831,O75820
Q15831,O95274
Q15831,O95429
Q15831,O96007
Q15831,P01112
Q15831,P03891
Q15831,P05062
Q15831,P11245
Q15831,P17936
Q15831,P23025
Q15831,P43268
Q15831,P49862
Q15831,P56962
Q15831,P60484
Q15831,P62714
Q15831,P78540
Q15831,Q02750
Q15831,Q14093
Q15831,Q16644
Q15831,Q305V2
Q15831,Q7RTN6
Q15831,Q8N1F8
Q15831,Q8NHU6
Q15831,Q92748
Q15831,Q96A54
Q15831,Q96DZ1
Q15831,Q96GD0
Q15831,Q9BU70
Q15831,Q9BUL5
Q15831,Q9BWQ8
Q15831,Q9H6U6
Q15831,Q9HCY8
Q15831,Q9NRH2
Q15831,Q9P1Z9
Q15831,Q9UI38
Q15831,Q9Y2H8
Q9UJY1,O14558
Q9UJY1,P02511
Q9UJY1,Q15773
Q9UJY1,Q53GY1
Q9UJY1,V9HW27
Q9UJY1,V9HWB6
Q9ULJ7,O15084
P17980,O00231
P17980,O00232
P17980,O00233
P17980,O00487
P17980,O14818
P17980,O75832
P17980,O95905
P17980,P20618
P17980,P25786
P17980,P25787
P17980,P25789
P17980,P28066
P17980,P28072
P17980,P28074
P17980,P49720
P17980,P49721
P17980,P51665
P17980,P54578
P17980,P60900
P17980,P62191
P17980,P62195
P17980,P62333
P17980,Q15008
P17980,Q16186
P17980,Q16401
P17980,Q8TAA3
P17980,Q99436
P17980,Q99460
P17980,Q9NWV8
P17980,Q9P1R6
P17980,Q9UNM6
P17980,Q9Y244
P17980,Q9Y5K5
P17980,V9HW09
P17980,X5CMJ9
P62195,O00231
P62195,O00232
P62195,O00233
P62195,O00487
P62195,O14818
P62195,O60284
P62195,O75832
P62195,O95905
P62195,P07942
P62195,P11047
P62195,P20618
P62195,P25786
P62195,P25787
P62195,P25789
P62195,P28066
P62195,P28072
P62195,P28074
P62195,P49720
P62195,P49721
P62195,P51665
P62195,P54578
P62195,P60900
P62195,P62191
P62195,P62333
P62195,Q0PNE2
P62195,Q15008
P62195,Q16186
P62195,Q16401
P62195,Q6NZY4
P62195,Q8TAA3
P62195,Q99436
P62195,Q99460
P62195,Q9NWV8
P62195,Q9P0J7
P62195,Q9P1R6
P62195,Q9UL46
P62195,Q9UNM6
P62195,Q9Y5K5
P62195,V9HW09
P62195,V9HWJ8
P62195,X5CMJ9
Q13007,O75330
Q13007,O95429
Q13007,P01112
Q13007,P01116
Q13007,P33241
Q13007,P42336
Q13007,P60484
Q13007,Q13485
Q13007,Q6UXL0
Q13007,Q86YC2
A8K6G4,P17936
A8K6G4,P24593
P17936,O14965
P17936,O43184
P17936,O43683
P17936,P01116
P17936,P01344
P17936,P05019
P17936,P24385
P17936,P36894
P17936,Q14766
P17936,Q9BXP8
P17936,Q9UHC1
P24593,O43184
P24593,P01344
P24593,P05019
P24593,Q9BXP8
P24593,Q9NS23
P62714,O14965
P62714,O43683
P62714,P01111
P62714,P01116
P62714,P08263
P62714,P52790
P62714,P54278
P62714,Q00005
P62714,Q13485
P62714,Q66LE6
P62714,Q9BVS5
P62714,Q9UHC1
P62714,Q9Y2T1
Q96JB5,P23258
P23434,O43592
P23434,P25786
P23434,P28074
P23434,Q16401
A8K940,Q8WWW0
Q8WWW0,P01111
Q8WWW0,P01112
Q8WWW0,P10114
Q8WWW0,P50749
Q8WWW0,Q13043
Q8WWW0,Q13188
Q8WWW0,Q13485
Q8WWW0,Q66K74
Q8WWW0,Q9H2L5
Q8WWW0,Q9H4B6
Q8WWW0,Q9NS23
A8MTZ0,Q15051
A8MTZ0,Q9H0F7
Q15051,Q3SYG4
Q15051,Q8IWZ6
Q15051,Q8N3I7
Q15051,Q8NFJ9
Q15051,Q8TAM2
Q15051,Q96RK4
Q15051,Q9BXC9
Q9H0F7,P60468
Q9H0F7,Q3SYG4
Q9H0F7,Q8N6S5
Q9H0F7,Q8NFJ9
Q9H0F7,Q8NHH9
Q9H0F7,Q8TAM2
Q9H0F7,Q96RK4
Q9H0F7,Q9BXC9
Q5RKV6,O95396
Q5RKV6,P20618
Q5RKV6,P25786
Q5RKV6,P25787
Q5RKV6,P28066
Q5RKV6,P60900
Q5RKV6,Q01780
Q5RKV6,Q06265
Q5RKV6,Q13868
Q5RKV6,Q15024
Q5RKV6,Q8IZ52
Q5RKV6,Q8IZH2
Q5RKV6,Q96B26
Q5RKV6,Q99547
Q5RKV6,Q9H2M9
Q5RKV6,Q9NPD3
Q5RKV6,Q9NQT4
Q5RKV6,Q9NYS3
Q5RKV6,Q9Y3B2
B0UXD8,P13760
B0UXD8,P79483
B0UXD8,Q30154
B0UXD8,Q6PJ56
P13760,P01308
P13760,P01737
P13760,P01850
P13760,P01903
P13760,P28067
P13760,P28068
P13760,P40967
P13760,P60174
P13760,Q16655
P13760,Q6PJ56
P13760,Q8TCQ1
P79483,P01189
P79483,P01903
Q30154,P01903
Q30154,Q6PJ56
Q6PJ56,P01850
Q6PJ56,P61769
B1ALV0,Q9H094
B1ALV0,Q9NPD3
Q9H094,Q8WW01
Q9NPD3,O77932
Q9NPD3,P25786
Q9NPD3,P25789
Q9NPD3,P28066
Q9NPD3,P60900
Q9NPD3,Q01780
Q9NPD3,Q06265
Q9NPD3,Q13868
Q9NPD3,Q15024
Q9NPD3,Q15477
Q9NPD3,Q6PGP7
Q9NPD3,Q7L1W4
Q9NPD3,Q8WW01
Q9NPD3,Q96B26
Q9NPD3,Q99547
Q9NPD3,Q9NQT4
Q9NPD3,Q9NQT5
Q9NPD3,Q9NXE4
Q9NPD3,Q9NYS3
Q9NPD3,Q9Y3B2
Q9H7P9,Q8IZH2
Q8IZH2,O60427
Q8IZH2,O77932
Q8IZH2,P09668
Q8IZH2,P28074
Q8IZH2,P48960
Q8IZH2,Q01780
Q8IZH2,Q15477
Q8IZH2,Q5TA31
Q8IZH2,Q7RU07
Q8IZH2,Q8NI99
Q8IZH2,Q8TB22
Q8IZH2,Q8WWB7
Q8IZH2,Q96B26
Q8IZH2,Q96L58
Q8IZH2,Q9BVA0
Q8IZH2,Q9H583
Q8IZH2,Q9NS00
Q8IZH2,Q9Y3B2
O00238,O00212
O00238,O75995
O00238,O94844
O00238,P10114
O00238,P12643
O00238,P12644
O00238,P22004
O00238,P43026
O00238,P48454
O00238,P57729
O00238,P61599
O00238,P62070
O00238,Q13873
O00238,Q14D04
O00238,Q3SXY8
O00238,Q58WW2
O00238,Q5T6F0
O00238,Q70EL2
O00238,Q8TAI7
O00238,Q8TAS1
O00238,Q8TDR2
O00238,Q96AE7
O00238,Q96D21
O00238,Q9H4E5
O00238,Q9H4M3
O00238,Q9H5K3
O00238,Q9NYN1
O00238,Q9NYS0
O00238,Q9UF11
O00238,Q9UK99
Q04771,O00212
Q04771,O94844
Q04771,P01111
Q04771,P08567
Q04771,P10114
Q04771,P20337
Q04771,P27037
Q04771,P36894
Q04771,P49354
Q04771,P49356
Q04771,P61599
Q04771,P62070
Q04771,Q02790
Q04771,Q13873
Q04771,Q14D04
Q04771,Q15797
Q04771,Q3SXY8
Q04771,Q58WW2
Q04771,Q6PF15
Q04771,Q6ZV73
Q04771,Q8TAI7
Q04771,Q8TAS1
Q04771,Q8TB52
Q04771,Q96AE7
Q04771,Q96D21
Q04771,Q9H082
Q04771,Q9H093
Q04771,Q9H4E5
Q04771,Q9H4M3
Q04771,Q9NW61
Q04771,Q9NYN1
Q04771,Q9NYS0
Q04771,Q9UF11
Q13485,B4DNC0
Q13485,O00212
Q13485,O00231
Q13485,O00757
Q13485,O60729
Q13485,O75820
Q13485,O75995
Q13485,O95274
Q13485,P01009
Q13485,P01111
Q13485,P01112
Q13485,P05062
Q13485,P0DML3
Q13485,P11465
Q13485,P17098
Q13485,P20337
Q13485,P22670
Q13485,P51153
Q13485,P56962
Q13485,P57729
Q13485,P62070
Q13485,P84025
Q13485,P84095
Q13485,Q00597
Q13485,Q00887
Q13485,Q13178
Q13485,Q14032
Q13485,Q14956
Q13485,Q15797
Q13485,Q16625
Q13485,Q49AG3
Q13485,Q4ZG55
Q13485,Q5T7W7
Q13485,Q6FHJ7
Q13485,Q6ICQ8
Q13485,Q6PF11
Q13485,Q6ZN04
Q13485,Q7RTN6
Q13485,Q8HHH1
Q13485,Q8N1F8
Q13485,Q8N6M6
Q13485,Q8TAI7
Q13485,Q8TAS1
Q13485,Q8TB52
Q13485,Q8TDR2
Q13485,Q92748
Q13485,Q96D21
Q13485,Q96HF1
Q13485,Q96KC2
Q13485,Q96KN1
Q13485,Q96LZ3
Q13485,Q96RN5
Q13485,Q9BQ65
Q13485,Q9BXL5
Q13485,Q9BXP8
Q13485,Q9BZG1
Q13485,Q9H093
Q13485,Q9H4E5
Q13485,Q9H6U6
Q13485,Q9HBH7
Q13485,Q9HCY8
Q13485,Q9NWN3
Q13485,Q9NYN1
Q13485,Q9P1Z9
Q13485,Q9UBP4
Q13485,Q9UHE5
Q13485,Q9Y2H8
Q15797,B4DNC0
Q15797,O00231
Q15797,O15021
Q15797,O43683
Q15797,O60603
Q15797,O94844
Q15797,P01111
Q15797,P10114
Q15797,P17098
Q15797,P20337
Q15797,P22670
Q15797,P24385
Q15797,P35453
Q15797,P37023
Q15797,P43246
Q15797,P49336
Q15797,P49796
Q15797,P54368
Q15797,P56915
Q15797,P57729
Q15797,P61599
Q15797,P84095
Q15797,Q14D04
Q15797,Q15361
Q15797,Q15771
Q15797,Q3SXY8
Q15797,Q6ICQ8
Q15797,Q6T2V4
Q15797,Q70EL2
Q15797,Q8TAI7
Q15797,Q8TAS1
Q15797,Q8TB52
Q15797,Q96D21
Q15797,Q96NW4
Q15797,Q96PE3
Q15797,Q96RN5
Q15797,Q99460
Q15797,Q9BRB3
Q15797,Q9BZG1
Q15797,Q9GZM3
Q15797,Q9H4M3
Q15797,Q9H9T3
Q15797,Q9NYN1
Q15797,Q9NZX4
Q15797,Q9P2P5
Q15797,Q9UF11
Q15797,Q9UGU0
Q15797,Q9UHC1
Q15797,Q9UIF7
Q15797,Q9UK99
Q15797,Q9UMX2
Q15797,Q9Y2H8
Q15797,Q9Y2T1
Q15797,Q9Y2U8
Q15797,Q9Y6I7
Q15528,Q96HR3
Q15528,Q9P086
Q15528,Q9ULK4
V9HW58,P25786
V9HW58,P25787
V9HW58,P28066
V9HW58,P28072
V9HW58,P62191
V9HW58,Q8NI22
V9HW58,Q8TEA6
V9HW58,Q99460
P01111,O00757
P01111,O15211
P01111,O75474
P01111,P05062
P01111,P23025
P01111,P42336
P01111,P52306
P01111,P56962
P01111,Q00597
P01111,Q14093
P01111,Q16644
P01111,Q6FHJ7
P01111,Q86XZ4
P01111,Q8N6M6
P01111,Q8NHU6
P01111,Q92828
P01111,Q9BU70
P01111,Q9BXL5
P01111,Q9P1Z9
P01111,Q9P212
P01111,Q9UQ13
P01112,O15211
P01112,O43683
P01112,O75398
P01112,P12830
P01112,P15056
P01112,P36894
P01112,P42336
P01112,P43246
P01112,P49356
P01112,P49721
P01112,P52306
P01112,P52701
P01112,Q4ZG55
P01112,Q59GG9
P01112,Q5U651
P01112,Q8IZJ4
P01112,Q8IZY5
P01112,Q9NS23
P01112,Q9NZL6
P01112,Q9P212
P01112,Q9UHC1
P01112,Q9UI38
P01112,Q9UIF7
P01112,Q9UQ13
P01112,Q9Y330
P01112,Q9Y613
P01116,O15211
P01116,O75398
P01116,O75474
P01116,O75820
P01116,O75888
P01116,O95661
P01116,O96007
P01116,P00156
P01116,P42336
P01116,P49336
P01116,P52306
P01116,P56962
P01116,Q00597
P01116,Q5VZX0
P01116,Q92633
P01116,Q92748
P01116,Q9BXL5
P01116,Q9H6U6
P01116,Q9UQ13
Q9NZW5,O95453
Q9NZW5,P02792
Q9NZW5,Q01780
Q9NZW5,Q8N392
Q9NZW5,Q9Y448
O95429,O95274
O95429,O95661
O95429,P11245
O95429,P49862
O95429,Q92748
O95429,Q96JY6
O95429,Q96KN1
O95429,Q96QR1
O95429,Q9H6U6
O95429,Q9HBH7
O95429,Q9UKQ9
O95429,Q9Y337
B4DUS4,Q01780
Q01780,O77932
Q01780,Q06265
Q01780,Q13868
Q01780,Q13901
Q01780,Q14160
Q01780,Q15024
Q01780,Q15477
Q01780,Q5JPE7
Q01780,Q5SR56
Q01780,Q8IZ52
Q01780,Q96B26
Q01780,Q96CU9
Q01780,Q99547
Q01780,Q9H0D6
Q01780,Q9H7Z7
Q01780,Q9NQT4
Q01780,Q9NQT5
Q01780,Q9NYS3
Q01780,Q9Y3B2
B4DY66,P43268
Q02790,Q92990
Q02790,Q9P0V3
Q02790,Q9UL12
Q9H9A6,Q9BV20
Q9H9A6,Q9Y597
O14818,O00231
O14818,O00232
O14818,O00487
O14818,P20618
O14818,P25786
O14818,P25787
O14818,P25789
O14818,P28065
O14818,P28066
O14818,P28072
O14818,P28074
O14818,P49720
O14818,P49721
O14818,P51665
O14818,P60900
O14818,P62191
O14818,P62333
O14818,Q06265
O14818,Q14997
O14818,Q15008
O14818,Q16186
O14818,Q16401
O14818,Q19T08
O14818,Q53H96
O14818,Q6SPF0
O14818,Q86SZ9
O14818,Q8TAA3
O14818,Q99436
O14818,Q99460
O14818,Q9BT73
O14818,Q9NWV8
O14818,Q9UNM6
O14818,Q9Y244
O14818,Q9Y2T2
O14818,Q9Y3D3
O14818,Q9Y5K5
O14818,V9HW09
O14818,V9HWJ8
O14818,X5CMJ9
P25787,O00231
P25787,O00232
P25787,O00487
P25787,O43681
P25787,O95163
P25787,P20618
P25787,P25786
P25787,P25789
P25787,P28065
P25787,P28066
P25787,P28072
P25787,P28074
P25787,P40306
P25787,P48728
P25787,P49720
P25787,P49721
P25787,P51665
P25787,P60900
P25787,P62191
P25787,P62333
P25787,Q06265
P25787,Q0PNE2
P25787,Q13868
P25787,Q14997
P25787,Q15008
P25787,Q16186
P25787,Q16401
P25787,Q8TAA3
P25787,Q99436
P25787,Q99460
P25787,Q9BZH6
P25787,Q9H583
P25787,Q9NQT4
P25787,Q9P1R6
P25787,Q9UL46
P25787,Q9UNM6
P25787,Q9Y5K5
P25787,V9HW09
P25787,V9HW29
P25787,V9HWJ8
P25787,X5CMJ9
P28074,E9KL30
P28074,O00231
P28074,O00232
P28074,O00487
P28074,O43681
P28074,P20618
P28074,P25786
P28074,P25789
P28074,P28065
P28074,P28066
P28074,P28072
P28074,P40306
P28074,P49720
P28074,P49721
P28074,P51665
P28074,P60900
P28074,P62191
P28074,P62333
P28074,P78345
P28074,Q03518
P28074,Q03519
P28074,Q0PNE2
P28074,Q15008
P28074,Q16186
P28074,Q16401
P28074,Q2M3G0
P28074,Q53H96
P28074,Q8TAA3
P28074,Q99436
P28074,Q99460
P28074,Q9H4G0
P28074,Q9P1R6
P28074,Q9UL46
P28074,Q9UNM6
P28074,Q9Y244
P28074,Q9Y2T2
P28074,Q9Y5K5
P28074,V9HW09
P28074,V9HW29
P28074,X5CMJ9
P49721,O00231
P49721,O00232
P49721,O00487
P49721,O43364
P49721,O43592
P49721,O43681
P49721,P20618
P49721,P25786
P49721,P25789
P49721,P28065
P49721,P28066
P49721,P28072
P49721,P49720
P49721,P51665
P49721,P60900
P49721,P62191
P49721,P62333
P49721,Q13085
P49721,Q15008
P49721,Q16186
P49721,Q16401
P49721,Q53H96
P49721,Q86SZ9
P49721,Q8TAA3
P49721,Q99436
P49721,Q99460
P49721,Q9UNM6
P49721,Q9Y244
P49721,Q9Y5K5
P49721,V9HW09
P49721,V9HWJ8
P49721,X5CMJ9
P01137,O14965
P01137,O43683
P01137,O60603
P01137,O75339
P01137,O95661
P01137,P07942
P01137,P17813
P01137,P21810
P01137,P36894
P01137,P37023
P01137,P49354
P01137,P49356
P01137,P49862
P01137,P61812
P01137,Q03167
P01137,Q12841
P01137,Q14766
P01137,Q4ZG55
P01137,Q8IZY5
P01137,Q8TD06
P01137,Q8TEU8
P01137,Q92748
P01137,Q96JY6
P01137,Q96NZ8
P01137,Q96QR1
P01137,Q9H6U6
P01137,Q9UHC1
P01137,Q9UI38
P01137,Q9UKQ9
P01137,Q9Y2T1
P01137,Q9Y337
Q9NS23,O14965
Q9NS23,P23025
Q9NS23,P50749
Q9NS23,Q13043
Q9NS23,Q13188
Q9NS23,Q53GN8
Q9NS23,Q66K74
Q9NS23,Q96B26
Q9NS23,Q9H4B6
O14977,P54368
O14977,Q00597
O14977,Q8N142
O14977,Q9UMX2
P04264,P12830
P04264,P35527
P04264,Q00597
P54578,O00231
P54578,O00232
P54578,O00487
P54578,P51665
P54578,P62333
P54578,Q00597
P54578,Q99460
P54578,Q9UNM6
P15056,O60911
P15056,O75820
P15056,P37058
P15056,Q02750
P15056,Q16644
P15056,Q9Y2H8
P36894,O00757
P36894,O60911
P36894,O75820
P36894,P05062
P36894,P12643
P36894,P12644
P36894,P19883
P36894,P22004
P36894,P23025
P36894,P43026
P36894,P49336
P36894,P60468
P36894,Q00597
P36894,Q02750
P36894,Q12841
P36894,Q13873
P36894,Q6FHJ7
P36894,Q8IXK2
P36894,Q8N6M6
P36894,Q96HF1
P36894,Q9BU70
P36896,P08476
P36896,P09529
P36896,P27037
P36896,Q13705
P36896,Q13873
P36955,Q59EG3
Q16644,O14965
Q16644,O43422
Q16644,O43683
Q16644,P12830
Q16644,P43146
Q9Y2T1,O00757
Q9Y2T1,O75820
Q9Y2T1,P46060
Q9Y2T1,Q9BXL5
Q9Y2T1,Q9HB15
B7Z6F4,P12644
B7Z6F4,P21810
P12644,P21810
P12644,P34820
P12644,Q12841
P12644,Q13253
P12644,Q13873
P12644,Q5U649
P12644,Q8TEU8
P12644,Q96NZ8
P21810,O60603
P28072,E9KL30
P28072,O00231
P28072,O00232
P28072,O00487
P28072,O43681
P28072,P18615
P28072,P20618
P28072,P25786
P28072,P25789
P28072,P28066
P28072,P40306
P28072,P49720
P28072,P51665
P28072,P52907
P28072,P60900
P28072,P62191
P28072,P62333
P28072,Q0PNE2
P28072,Q14997
P28072,Q15008
P28072,Q16186
P28072,Q16401
P28072,Q6NZY4
P28072,Q8TAA3
P28072,Q99436
P28072,Q99460
P28072,Q9P1R6
P28072,Q9UNM6
P28072,Q9Y244
P28072,Q9Y5K5
P28072,V9HW09
P28072,V9HW29
P28072,X5CMJ9
P02771,E9KL30
P02771,Q99436
O60603,P08571
O60603,P28289
O60603,P56962
O60603,Q02750
O60603,Q9BXL5
E9KL30,P20618
E9KL30,P28062
E9KL30,P28065
E9KL30,P49720
E9KL30,Q92979
E9KL30,Q9UK55
E9KL30,Q9Y244
P20618,O00231
P20618,O00232
P20618,O00487
P20618,O43681
P20618,P25786
P20618,P25789
P20618,P28062
P20618,P28066
P20618,P40306
P20618,P40855
P20618,P49720
P20618,P51665
P20618,P60900
P20618,P62191
P20618,P62333
P20618,P78345
P20618,P78346
P20618,Q14997
P20618,Q15008
P20618,Q16186
P20618,Q16401
P20618,Q53H96
P20618,Q86SZ9
P20618,Q8TAA3
P20618,Q92466
P20618,Q99436
P20618,Q99460
P20618,Q9UL46
P20618,Q9UNM6
P20618,Q9Y244
P20618,Q9Y2T2
P20618,Q9Y5K5
P20618,V9HW09
P20618,V9HWJ8
P20618,X5CMJ9
P28062,P25786
P28062,P28065
P28062,Q03518
P28062,Q03519
P28062,Q99436
P28062,Q9Y244
P28065,P25786
P28065,P60900
P28065,P62191
P28065,Q03518
P28065,Q03519
P28065,Q16401
P28065,Q2M3G0
P28065,Q99436
P28065,Q9Y244
P28065,X5CMJ9
P49720,O00231
P49720,O00232
P49720,O00487
P49720,O43681
P49720,P25189
P49720,P25786
P49720,P25789
P49720,P28066
P49720,P40306
P49720,P51665
P49720,P52907
P49720,P60900
P49720,P62191
P49720,P62333
P49720,Q0PNE2
P49720,Q14997
P49720,Q15008
P49720,Q16186
P49720,Q16401
P49720,Q53H96
P49720,Q86SZ9
P49720,Q8TAA3
P49720,Q99436
P49720,Q99460
P49720,Q9H4G0
P49720,Q9H583
P49720,Q9P1R6
P49720,Q9UL46
P49720,Q9UNM6
P49720,Q9Y244
P49720,Q9Y2T2
P49720,Q9Y5K5
P49720,V9HW09
P49720,V9HW29
P49720,V9HWJ8
P49720,X5CMJ9
Q92979,O43820
Q92979,P14091
Q92979,Q86SZ9
Q92979,Q86U62
Q92979,Q93015
Q92979,Q99436
Q9UK55,Q99436
Q9Y244,P25786
Q9Y244,P25789
Q9Y244,P28066
Q9Y244,P40306
Q9Y244,P60900
Q9Y244,Q16322
Q9Y244,Q99436
Q9Y244,Q9P1R6
Q9Y244,X5CMJ9
Q99638,O60671
Q99638,O60921
Q99638,O75943
Q99638,P20585
Q99638,P43246
Q99638,P52701
Q71SY5,P49336
Q71SY5,Q9ULK4
Q71SY5,Q9Y4A5
P10114,O76062
P10114,P01009
P10114,P02792
P10114,P49354
P10114,Q52LW3
P10114,Q5U651
P10114,Q92565
Q06265,P28066
Q06265,P60900
Q06265,Q13868
Q06265,Q15024
Q06265,Q96B26
Q06265,Q99547
Q06265,Q9NQT4
Q06265,Q9NYS3
Q06265,Q9Y3B2
V9HW27,O00626
V9HW27,O75865
V9HW27,P02489
V9HW27,P05813
V9HW27,P07315
V9HW27,P07320
V9HW27,P24385
V9HW27,P30301
V9HW27,P43320
V9HW27,Q53QV2
V9HW27,Q9BVC6
V9HW27,Q9UGI9
V9HW29,P25789
V9HW29,P28066
V9HW29,Q13085
V9HW29,Q6IA86
V9HW29,Q86SZ9
V9HW29,Q99436
V9HW29,Q9H4G0
V9HW29,Q9UKX7
P48454,Q96DU7
Q99436,O00231
Q99436,O00232
Q99436,O00487
Q99436,P25786
Q99436,P25789
Q99436,P28066
Q99436,P51665
Q99436,P60900
Q99436,P62191
Q99436,P62333
Q99436,Q13085
Q99436,Q15008
Q99436,Q16186
Q99436,Q16401
Q99436,Q8TAA3
Q99436,Q96A49
Q99436,Q99460
Q99436,Q9H4G0
Q99436,Q9NYL9
Q99436,Q9UNM6
Q99436,Q9Y5K5
Q99436,V9HW09
Q99436,X5CMJ9
O43683,O00757
O43683,O14640
O43683,O60729
O43683,O60911
O43683,O75474
O43683,O75820
O43683,P05062
O43683,P23025
O43683,P28289
O43683,P37058
O43683,P49336
O43683,P56962
O43683,P60468
O43683,Q00597
O43683,Q02750
O43683,Q14032
O43683,Q14093
O43683,Q5T7W7
O43683,Q6FHJ7
O43683,Q8IXK2
O43683,Q8IYR6
O43683,Q8N6M6
O43683,Q8NHU6
O43683,Q92828
O43683,Q96HF1
O43683,Q96LZ3
O43683,Q9BU70
O43683,Q9BXL5
O43683,Q9BYX2
O43683,Q9P1Z9
O43683,Q9Y2H8
Q9Y2T2,P25786
Q9Y2T2,P25789
O00212,Q14623
O00212,Q52LW3
Q14623,Q4KMG0
Q14623,Q96QV1
O75170,O00743
Q9UPN7,O00743
Q9UPN7,O15084
Q9UPN7,Q5H9R7
O00231,O00232
O00231,O00233
O00231,O00487
O00231,O75832
O00231,O95163
O00231,P25786
O00231,P25789
O00231,P28066
O00231,P51665
O00231,P60900
O00231,P62191
O00231,P62333
O00231,Q15008
O00231,Q16186
O00231,Q16401
O00231,Q7RTR0
O00231,Q8NI22
O00231,Q99460
O00231,Q9NWV8
O00231,Q9P0J7
O00231,Q9UNM6
O00231,Q9Y5K5
O00231,V9HW09
O00231,V9HWJ8
O00231,X5CMJ9
O00232,O00233
O00232,O00487
O00232,O75832
O00232,O95163
O00232,P25786
O00232,P25789
O00232,P28066
O00232,P51665
O00232,P60900
O00232,P62191
O00232,P62333
O00232,Q15008
O00232,Q16186
O00232,Q16401
O00232,Q6N069
O00232,Q7RTR0
O00232,Q86SZ9
O00232,Q8NI22
O00232,Q99460
O00232,Q9NWV8
O00232,Q9P0J7
O00232,Q9UNM6
O00232,V9HW09
O00232,V9HW51
O00232,V9HWJ8
O00232,X5CMJ9
O00233,O00487
O00233,P51665
O00233,P62333
O00233,Q15008
O00233,Q16401
O00233,Q99460
O00233,Q9NYL9
O00233,Q9UNM6
O00233,V9HW09
O00487,O75832
O00487,P25786
O00487,P25789
O00487,P28066
O00487,P51665
O00487,P60900
O00487,P62191
O00487,P62333
O00487,Q15008
O00487,Q16186
O00487,Q16401
O00487,Q7RTR0
O00487,Q8NI22
O00487,Q8TAA3
O00487,Q99460
O00487,Q9BRP4
O00487,Q9C005
O00487,Q9NWV8
O00487,Q9UNM6
O00487,Q9Y5K5
O00487,V9HW09
O00487,X5CMJ9
O75832,P51665
O75832,P62191
O75832,P62333
O75832,Q15008
O75832,Q99460
O75832,Q9BRP4
O75832,Q9NWV8
O75832,Q9UNM6
O75832,V9HW09
O95163,Q5VW36
O95163,Q6IA86
O95163,Q96EB1
O95163,Q9H9T3
O95163,Q9UKX7
P25786,O43396
P25786,P18615
P25786,P25789
P25786,P28066
P25786,P40306
P25786,P51665
P25786,P52907
P25786,P60900
P25786,P62191
P25786,P62333
P25786,P78345
P25786,Q14997
P25786,Q15008
P25786,Q16186
P25786,Q16401
P25786,Q59EG3
P25786,Q6NZY4
P25786,Q86SZ9
P25786,Q8TAA3
P25786,Q99460
P25786,Q9BZH6
P25786,Q9GZU8
P25786,Q9NQT4
P25786,Q9NYL9
P25786,Q9P0V3
P25786,Q9P1R6
P25786,Q9UL46
P25786,Q9UNM6
P25786,Q9Y5K5
P25786,V9HW09
P25786,V9HW51
P25786,V9HWJ8
P25786,X5CMJ9
P25789,O43592
P25789,O43681
P25789,P28066
P25789,P51665
P25789,P60900
P25789,P62191
P25789,P62333
P25789,P78345
P25789,Q0PNE2
P25789,Q14997
P25789,Q15008
P25789,Q16186
P25789,Q16401
P25789,Q53H96
P25789,Q86YB8
P25789,Q8TAA3
P25789,Q99460
P25789,Q9BT73
P25789,Q9BZH6
P25789,Q9H4G0
P25789,Q9NQT4
P25789,Q9P1R6
P25789,Q9UNM6
P25789,Q9Y5K5
P25789,V9HW09
P25789,V9HWJ8
P25789,X5CMJ9
P28066,P18615
P28066,P40855
P28066,P51665
P28066,P60900
P28066,P62191
P28066,P62333
P28066,P78345
P28066,Q14997
P28066,Q15008
P28066,Q16186
P28066,Q16401
P28066,Q8TAA3
P28066,Q92466
P28066,Q96A49
P28066,Q99460
P28066,Q9BT73
P28066,Q9H4G0
P28066,Q9H583
P28066,Q9NQT4
P28066,Q9P1R6
P28066,Q9UL46
P28066,Q9UNM6
P28066,Q9Y3D3
P28066,Q9Y5K5
P28066,V9HW09
P28066,V9HWJ8
P28066,X5CMJ9
P51665,O43396
P51665,P60900
P51665,P62191
P51665,P62333
P51665,Q15008
P51665,Q16186
P51665,Q16401
P51665,Q8NI22
P51665,Q8TAA3
P51665,Q99460
P51665,Q9BRP4
P51665,Q9NWV8
P51665,Q9P0J7
P51665,Q9P1R6
P51665,Q9UL46
P51665,Q9UNM6
P51665,Q9Y3D3
P51665,Q9Y5K5
P51665,V9HW09
P51665,V9HW51
P51665,X5CMJ9
P60900,O43396
P60900,P18615
P60900,P52907
P60900,P62191
P60900,P62333
P60900,P78345
P60900,P78346
P60900,Q0PNE2
P60900,Q15008
P60900,Q16186
P60900,Q16401
P60900,Q53H96
P60900,Q86SZ9
P60900,Q8TAA3
P60900,Q96K19
P60900,Q99460
P60900,Q9BT23
P60900,Q9BT73
P60900,Q9BZH6
P60900,Q9NQT4
P60900,Q9UL46
P60900,Q9UNM6
P60900,V9HW09
P60900,V9HW51
P60900,V9HWJ8
P60900,X5CMJ9
P62191,P62333
P62191,Q15008
P62191,Q16186
P62191,Q16401
P62191,Q5THJ4
P62191,Q8TAA3
P62191,Q99460
P62191,Q9C005
P62191,Q9NWV8
P62191,Q9P0J7
P62191,Q9UL46
P62191,Q9UNM6
P62191,Q9Y3D3
P62191,Q9Y5K5
P62191,V9HW09
P62191,V9HW51
P62191,X5CMJ9
P62333,Q13085
P62333,Q15008
P62333,Q16186
P62333,Q16401
P62333,Q8TAA3
P62333,Q99460
P62333,Q9UNM6
P62333,Q9Y5K5
P62333,V9HW09
P62333,V9HW51
P62333,X5CMJ9
Q15008,P40306
Q15008,P40855
Q15008,P60896
Q15008,Q16186
Q15008,Q16401
Q15008,Q8NI22
Q15008,Q8TAA3
Q15008,Q96A49
Q15008,Q99460
Q15008,Q9NWV8
Q15008,Q9UNM6
Q15008,V9HW09
Q15008,X5CMJ9
Q16186,P48556
Q16186,P60896
Q16186,Q99460
Q16186,Q9UNM6
Q16186,Q9Y5K5
Q16186,V9HW09
Q16186,V9HW51
Q16186,X5CMJ9
Q16401,P07942
Q16401,P11047
Q16401,P13674
Q16401,P40306
Q16401,Q99460
Q16401,Q9BRP4
Q16401,Q9NWV8
Q16401,Q9UNM6
Q16401,V9HW09
Q16401,X5CMJ9
Q7RTR0,P52907
Q8NI22,P52907
Q8NI22,Q9H0D6
Q8NI22,Q9NYL9
Q99460,O95905
Q99460,Q86SZ9
Q99460,Q8TAA3
Q99460,Q9NWV8
Q99460,Q9UL46
Q99460,Q9UNM6
Q99460,Q9Y5K5
Q99460,V9HW09
Q99460,V9HW51
Q99460,V9HWJ8
Q99460,X5CMJ9
Q9NWV8,O00507
Q9NWV8,Q9BRP4
Q9P0J7,Q9UNM6
Q9P0J7,Q9Y5K5
Q9P0J7,V9HW09
Q9P0J7,V9HW51
Q9UNM6,Q6NZY4
Q9UNM6,Q8TAA3
Q9UNM6,Q9P1R6
Q9UNM6,Q9Y5K5
Q9UNM6,V9HW09
Q9UNM6,V9HW51
Q9UNM6,X5CMJ9
Q9Y5K5,P48556
Q9Y5K5,Q6ZUX9
Q9Y5K5,V9HW09
Q9Y5K5,V9HW51
Q9Y5K5,X5CMJ9
V9HW09,P23258
V9HW09,Q8TAA3
V9HW09,Q9H583
V9HW09,V9HW51
V9HW09,V9HWJ8
V9HW09,X5CMJ9
V9HWJ8,Q8TAA3
V9HWJ8,Q9BXC9
V9HWJ8,Q9GZU8
V9HWJ8,Q9UKX7
X5CMJ9,P40306
X5CMJ9,P78345
X5CMJ9,Q03518
X5CMJ9,Q03519
X5CMJ9,Q0PNE2
X5CMJ9,Q8TAA3
X5CMJ9,Q9H583
Q6N069,Q8IUF8
Q86SZ9,P23258
Q86SZ9,Q9UL46
V9HW51,O43592
V9HW51,Q8IUF8
V9HW51,Q9P0V3
P12643,P27037
P12643,Q12841
P12643,Q13253
P12643,Q13705
P12643,Q13873
P12643,Q6NW40
P12643,Q6WN34
P12643,Q6ZVN8
P12643,Q8TEU8
P12643,Q96NZ8
P43026,Q13253
P43026,Q13873
P61599,Q14CX7
P61599,Q96A54
P62070,O15211
P62070,P56470
P62070,Q5U651
Q13873,P19883
Q58WW2,Q13085
Q70EL2,P07992
Q9UF11,P52306
O00253,P32245
O00253,P41968
P32245,P01189
P32245,Q5VV63
P43246,O00757
P43246,O14640
P43246,O60671
P43246,O60729
P43246,O60921
P43246,P07992
P43246,P20585
P43246,P52701
P43246,P56962
P43246,Q59EG3
P43246,Q8IXK2
P43246,Q8NHU6
P43246,Q96LZ3
P43246,Q9P1Z9
P43246,Q9Y2H8
P52701,O60671
P52701,O60921
P52701,P20585
P52701,Q02750
P52701,Q59EG3
P52701,Q9UIF7
Q9Y4A5,O95402
Q9Y4A5,P49336
Q9Y4A5,Q96RN5
Q9Y4A5,Q9ULK4
Q6IBE5,O43617
Q6IBE5,O75865
Q6IBE5,P48553
Q6IBE5,Q5T215
Q6IBE5,Q7Z392
Q6IBE5,Q86SZ2
Q6IBE5,Q8IUR0
Q6IBE5,Q8WVT3
Q6IBE5,Q96Q05
Q6IBE5,Q9Y296
Q6IBE5,Q9Y2L5
Q969P5,Q59EG3
Q96B26,Q13615
Q96B26,Q13868
Q96B26,Q86Y22
Q96B26,Q99547
Q96B26,Q9H0D6
Q96B26,Q9HCG8
Q96B26,Q9NQT4
Q96B26,Q9NQT5
Q96B26,Q9NYS3
Q96B26,Q9Y3B2
Q96B26,Q9Y613
Q9BT73,Q03519
O00453,Q8N1I8
O00453,Q8WUQ7
Q8WUQ7,P18615
O00481,P04155
P04155,Q6UX41
P04155,Q6UXZ3
P04155,Q96PJ5
P04155,Q9NYZ4
Q9BRP4,Q6IA86
Q9C005,P07942
O00504,P35527
P35527,P12830
P02792,P42336
P02792,Q8IVU1
P02792,Q99547
Q9UKX7,Q13085
Q9UKX7,Q9H4G0
O00534,P06126
P06126,P61769
O43681,Q13395
O43681,Q9Y5L2
P07942,P11047
P41222,P52790
P41222,Q59EG3
Q14766,P35555
Q14766,P35556
P02489,P02511
P02489,P05813
P02489,P07315
P02489,P07320
P02489,P30301
P02489,P43320
Q53H96,P18428
Q99575,P78345
Q99575,P78346
Q99575,Q15773
Q99575,Q92466
P40855,O75192
P40855,O96011
P40855,Q13188
O00626,P02511
P02511,P05813
P02511,P07315
P02511,P24385
P02511,P43320
P02511,Q9UGI9
O00743,O15084
O00743,Q5H9R7
O15084,Q5H9R7
O15084,Q96RS0
O15084,Q9UPS8
Q5H9R7,Q96P11
O00757,O14965
O00757,P42336
O00757,Q9UHC1
O14965,O75330
O14965,O75410
O14965,O75820
O14965,O95274
O14965,P11245
O14965,P23025
O14965,P49336
O14965,P55290
O14965,P56962
O14965,P60468
O14965,Q02750
O14965,Q14032
O14965,Q14093
O14965,Q5HYH0
O14965,Q5T7W7
O14965,Q6FHJ7
O14965,Q8IZY5
O14965,Q92748
O14965,Q92828
O14965,Q96JY6
O14965,Q96LZ3
O14965,Q96QR1
O14965,Q9BU70
O14965,Q9BXL5
O14965,Q9BYX2
O14965,Q9HCY8
O14965,Q9NWT8
O14965,Q9UBP4
O14965,Q9Y2H8
O14965,Q9Y337
P42336,O75888
P42336,P28289
P42336,Q00597
P42336,Q02750
P42336,Q6FHJ7
P42336,Q8IXK2
P42336,Q92748
P42336,Q9HBH7
Q9UHC1,O14640
Q9UHC1,O60729
Q9UHC1,O60911
Q9UHC1,O75474
Q9UHC1,P05062
Q9UHC1,P23025
Q9UHC1,P28289
Q9UHC1,P37058
Q9UHC1,P49336
Q9UHC1,P56962
Q9UHC1,P60468
Q9UHC1,Q00597
Q9UHC1,Q02750
Q9UHC1,Q14032
Q9UHC1,Q14093
Q9UHC1,Q59EG3
Q9UHC1,Q5T7W7
Q9UHC1,Q8IXK2
Q9UHC1,Q8IYR6
Q9UHC1,Q8N6M6
Q9UHC1,Q8NHU6
Q9UHC1,Q96HF1
Q9UHC1,Q96LZ3
Q9UHC1,Q9BXL5
Q9UHC1,Q9BYX2
Q9UHC1,Q9P1Z9
Q9UHC1,Q9Y2H8
Q96P11,Q13188
Q9NQT4,Q13868
Q9NQT4,Q15024
Q9NQT4,Q96NG5
Q9NQT4,Q96SZ6
Q9NQT4,Q99547
Q9NQT4,Q9NQT5
Q9NQT4,Q9NYS3
Q9NQT4,Q9Y3B2
Q9NQT4,Q9Y5X9
Q6NZY4,Q29980
Q66K74,O14599
O14556,Q9P0V3
Q9P0V3,O43396
Q9P0V3,Q5JTW2
Q9P0V3,Q5TC79
Q9P0V3,Q69YX3
Q9P0V3,Q8N5S3
Q9P0V3,Q8WYT0
Q9P0V3,Q9ULV3
Q9H0P0,Q8TAA9
P70280,Q96NW4
O14640,Q8TAA9
O14640,Q9H0R4
O14640,Q9H2H0
O14640,V9HW73
Q8TAA9,P27701
Q8TAA9,Q92565
Q8TAA9,Q9H0W7
Q9H0R4,P00746
Q9H0R4,Q7Z392
Q9H0R4,Q99735
V9HW73,P00746
V9HW73,Q7Z392
V9HW73,Q96FN9
V9HW73,Q99735
Q9H1M0,O95994
Q9H1M0,Q9H5T3
O60346,P12830
O60346,P60484
P60484,Q19T08
P60484,Q5T2D3
P60484,Q8IYR6
P60484,Q9BT67
P60484,Q9BU70
P60484,Q9HBH7
P60484,Q9P1Z9
Q5HYH0,O43422
Q5HYH0,Q8NHU6
Q96RN5,P49336
Q96RN5,Q9P086
Q00597,P24385
Q00597,P54278
Q00597,Q0ZFE3
Q00597,Q9UIF7
Q13705,O95390
Q13705,P08476
Q13705,Q12841
Q96NZ8,O95390
Q96NZ8,P12645
Q96NZ8,P34820
Q9Y3D3,Q8IVS2
O75330,P11245
O75330,P55290
O75330,Q4ZG55
O75330,Q92748
Q03167,P10600
Q03167,P61812
Q03167,Q5JR98
Q9H7Z7,Q5VU69
O43513,Q8NBB4
O43513,Q9H0N5
Q6IAZ5,Q8NBB4
Q6IAZ5,Q9H0N5
O75410,O43422
O75410,Q8NHU6
O75820,P54278
O95274,O95994
O95274,P33241
O95274,Q86YC2
O95274,Q8TD06
P11245,P12830
P11245,Q86YC2
P23025,P07992
P23025,P54278
P23025,Q9UIF7
P49336,P12830
P49336,P24385
P49336,Q9ULK4
P55290,P24385
P56962,P11926
P56962,P12830
P60468,Q92611
P60468,Q9UIF7
Q02750,P11926
Q02750,P12830
Q14032,P11926
Q14032,Q9UIF7
Q14093,Q9UIF7
Q5T7W7,P11926
Q5T7W7,P24385
Q5T7W7,P43146
Q5T7W7,Q8NFG4
Q5T7W7,Q9UIF7
Q6FHJ7,P54278
Q8IZY5,P12830
Q8IZY5,Q02962
Q92748,P12830
Q92748,P33241
Q92748,Q86YC2
Q92828,P43146
Q96LZ3,P08571
Q96LZ3,P24385
Q96QR1,Q9UEW3
Q9BU70,P24385
Q9BU70,P43146
Q9BU70,P54278
Q9BXL5,P11926
Q9BXL5,P12830
Q9BXL5,P43146
Q9BXL5,Q8NFG4
Q9BYX2,P24385
Q9BYX2,P43146
Q9UBP4,P12830
Q9Y2H8,P11926
Q9Y2H8,P12830
Q9Y2H8,P24385
Q9Y337,P20930
P54368,O95190
P54368,P11926
P54368,Q9UMX2
Q9UMX2,P11926
Q9UMX2,Q86UU5
Q9UMX2,Q96A70
Q8NBB4,O60225
Q8NBB4,Q3KP44
Q8NBB4,Q96LI5
Q8NBB4,Q96T92
Q8NBB4,Q9C0G0
Q8NBB4,Q9UMR3
Q8NBB4,Q9UNS1
Q9H0D6,O75882
Q9H0D6,O77932
Q9H0D6,O95396
Q9H0D6,Q7Z3E1
Q59EG3,O15484
Q59EG3,O95870
Q59EG3,O95994
Q59EG3,P20585
Q59EG3,P54277
Q59EG3,P54278
Q59EG3,P56470
Q59EG3,P63267
Q59EG3,Q02817
Q59EG3,Q07065
Q59EG3,Q0PNE2
Q59EG3,Q6NSI4
Q59EG3,Q969T7
Q59EG3,Q9H0J9
Q59EG3,Q9H9S4
Q59EG3,Q9NUN7
Q59EG3,Q9NVD7
Q59EG3,Q9NZL3
Q59EG3,Q9UGK3
Q59EG3,Q9UHV5
Q59EG3,Q9Y2M0
Q59EG3,Q9Y6R7
P18428,P08571
P18428,Q10588
Q96RK4,P01258
Q96RK4,P05062
Q96RK4,Q02962
Q96RK4,Q03154
Q96RK4,Q8IWL3
Q96RK4,Q8NFJ9
Q96RK4,Q93088
Q96RK4,Q9BUN5
Q96RK4,Q9BXC9
Q96RK4,Q9Y613
Q96RK4,V9HWA4
Q9UPS8,Q8NFJ9
P24001,P24158
P24001,Q9H6E5
P23258,Q08AG7
P23258,Q6NZ67
P23258,Q96CW5
P23258,Q96RT7
P23258,Q96RT8
P23258,Q9NYZ3
P17098,P24385
P17098,P35556
Q6PF11,P28300
Q6PGP7,Q15477
Q6PGP7,Q9BQL6
O15211,P24385
P24385,O60477
P24385,O60729
P24385,P49862
P24385,Q8NHU6
P24385,Q9H6U6
P24385,Q9UKQ9
Q8TAX7,P02808
Q8TAX7,P02810
Q8TAX7,P02814
Q8TAX7,P04745
Q8TAX7,P15515
Q8TAX7,P15516
Q8TAX7,P35080
Q8TAX7,Q16378
Q8TAX7,Q96FL9
Q8TAX7,V9HWI4
P35555,P15502
P35555,P28300
P35555,P35556
P35555,P55001
P35555,P55083
P35555,Q9UBX5
P07992,Q96GJ1
O95661,Q86YC2
P78346,O75817
P78346,O95707
P78346,Q15773
P78346,Q9H4G0
P78346,Q9H633
Q15773,P13674
Q9H4G0,O75817
Q9H4G0,Q13085
Q9H4G0,Q99490
P01903,P01308
P01903,P01850
P01903,P28067
P01903,P28068
P01903,P40967
P01903,P60174
P01903,Q16655
P01903,Q8TCQ1
Q03518,O15533
Q03518,Q03519
Q03518,Q8IVS2
Q6IA86,Q96EB1
Q6IA86,Q9H9T3
O95084,P61769
O95084,Q8NB37
O95084,Q9BUL5
O95084,Q9H0R3
O95084,Q9Y296
O15533,Q03519
Q03519,P13747
O19626,P61769
P61769,P13747
P61769,P15813
P61769,P29016
P61769,P43629
P61769,P55899
P61769,Q8N423
P61769,Q8NHL6
P61769,Q95460
P61769,Q96QL3
P61769,Q9MY34
P61769,Q9MYI6
P35080,P49771
P35080,Q86VE0
P35080,Q96FC9
P35080,Q99648
P35080,Q9Y613
Q96BK5,P25189
Q96BK5,Q06546
O43184,P19883
P19883,P08476
P19883,Q12841
Q9H583,Q6PD74
O43592,Q86UY6
O43592,Q9BZH6
P43146,O60911
P43146,P05062
P43146,P28289
P43146,P29275
P43146,Q8NHU6
P43146,Q96HF1
O75865,O43617
O75865,P48553
O75865,Q5T215
O75865,Q86SZ2
O75865,Q8WVT3
O75865,Q9Y296
O43323,Q96QV1
Q96QV1,Q13635
Q96QV1,Q15465
O43374,Q12889
O43374,Q86YN0
Q12889,P02808
Q86YN0,P02808
Q99547,O95453
Q99547,Q13868
Q99547,Q15024
Q99547,Q8N392
Q99547,Q9NYS3
Q99547,Q9Y3B2
Q99547,Q9Y448
P29275,Q14586
P22692,P01344
P22692,P05019
P22692,P52790
P50749,Q13043
P50749,Q13188
P50749,Q86WH2
Q86YC2,Q4ZG55
Q86YC2,Q96KN1
Q86YC2,Q9H6U6
P01009,P24158
V9HWA4,Q8NFJ9
V9HWA4,Q9BXC9
V9HWA4,Q9H6U8
Q9H0N5,O60225
Q9H0N5,O94880
Q9H0N5,Q13901
Q9H0N5,Q96HR3
Q9H0N5,Q9BS16
Q4ZG55,P33241
Q86UY6,Q9BZH6
O43617,Q86SZ2
O43617,Q8IUR0
O43617,Q9Y296
O43617,Q9Y2L5
O43617,Q9Y5R8
Q86SZ2,P48553
Q86SZ2,Q5T215
Q86SZ2,Q8WVT3
Q86SZ2,Q9Y296
Q86SZ2,Q9Y2L5
Q8IUR0,P48553
Q8IUR0,Q5T215
Q9Y296,P48553
Q9Y296,Q5T215
Q9Y296,Q7Z392
Q9Y296,Q8WVT3
Q9Y296,Q96Q05
Q9Y296,Q9Y2L5
Q9Y2L5,P48553
Q9Y2L5,Q5T215
Q9Y2L5,Q7Z392
Q9Y2L5,Q8WVT3
Q9Y2L5,Q96Q05
Q9Y5R8,P48553
Q9Y5R8,Q5T215
Q9Y5R8,Q7Z392
Q9Y5R8,Q8WVT3
P10600,P37023
Q9NVD7,Q8IYT2
Q9NVD7,Q96EN8
P05062,Q8IWZ6
P05062,Q8N307
P05062,Q8NFG4
P05062,Q8NFJ9
P05062,Q9BXC9
P28289,P11926
P28289,P12830
P37058,P12830
Q8IXK2,P12830
Q8IXK2,P54278
Q8IXK2,P98088
Q8IYR6,Q8NFG4
Q8N6M6,P12830
Q8NHU6,P11926
Q8NHU6,Q00537
Q8NHU6,Q9UIF7
Q96HF1,P12830
Q9P1Z9,P54278
Q9P1Z9,Q8NFG4
P12830,P01876
P12830,P22223
P12830,Q14160
P12830,Q9HBH7
Q9UGI9,Q9NPE2
P08294,Q9UBX5
O95870,O75391
O95870,P03901
O95870,P13164
O95870,P48201
O95870,Q86VR2
O95870,Q9H0R3
O95870,Q9NQ84
O95870,Q9UKJ0
O43908,O43914
O43908,Q29983
O43914,P26717
O43914,P43631
Q29983,P26718
P26717,P13747
Q9P086,Q96HR3
Q9ULK4,Q8N5D0
Q9ULK4,Q8TB72
Q9ULK4,Q96GD0
Q9ULK4,Q9UPW0
O60671,O60921
O60671,O75943
O60671,P20585
P12645,Q8TEU8
Q7Z4H7,O94927
Q7Z4H7,Q9BT25
O60477,Q92484
P15515,Q9HC84
P08571,Q12841
O60921,O75943
O60921,P20585
O60921,P41217
P20585,Q8WV07
P20585,Q9BVA0
O60760,P08582
O60760,P52790
O60762,O94777
O60762,Q9P2X0
O94777,P28068
O60894,Q16602
Q16602,O60895
Q16602,P01258
Q16602,P35318
P41217,Q8TD46
Q15477,Q8IUC8
Q15477,Q9BQL6
Q96CW5,Q9BSJ2
O75192,O96011
O75473,Q2MKA7
O75473,Q9ULT6
Q2MKA7,Q9BXB1
Q2MKA7,Q9ULT6
Q9ULT6,Q9BXY4
Q9H9T3,Q96EB1
Q9H2M9,Q06546
Q9H2M9,Q15042
Q9H2M9,Q8TEA6
Q9H2M9,Q9BSV6
Q9HBH7,P47874
Q9HBH7,Q02962
O75817,P78345
P78345,O95707
P78345,Q9H633
P48553,Q5T215
P48553,Q8WVT3
P48553,Q96Q05
Q5T215,Q7Z392
Q5T215,Q8WVT3
Q5T215,Q96Q05
Q8WVT3,Q7Z392
Q8WVT3,Q96Q05
Q8IWZ6,Q02962
Q8IWZ6,Q03154
Q8IWZ6,Q8NFJ9
Q8IWZ6,Q9Y613
Q8NFJ9,P01258
Q8NFJ9,Q02962
Q8NFJ9,Q3SYG4
Q8NFJ9,Q53R12
Q8NFJ9,Q8IWL3
Q8NFJ9,Q8N3I7
Q8NFJ9,Q8TAM2
Q8NFJ9,Q93088
Q8NFJ9,Q9BXC9
Q8NFJ9,Q9Y613
Q9BXC9,Q02962
Q9BXC9,Q03154
Q9BXC9,Q3SYG4
Q9BXC9,Q8IWL3
Q9BXC9,Q8N3I7
Q9BXC9,Q8TAM2
Q9BXC9,Q93088
Q9BXC9,Q9Y613
Q13868,Q15024
Q13868,Q8IUC8
Q13868,Q9NQT5
Q13868,Q9NSC7
Q13868,Q9NYS3
Q13868,Q9Y3B2
P01308,P01275
P01308,P14091
O77932,Q15024
Q15024,Q13615
Q15024,Q9NYS3
Q15024,Q9Y3B2
P28068,P28067
P28068,Q31604
O94813,P35052
P35052,Q12841
Q02962,Q9UKQ9
O94927,Q9BT25
O95994,P12104
Q14C86,Q15283
O95390,Q8TEU8
Q8TEU8,P34820
Q9Y597,Q9BV20
O95807,Q8WVR3
Q8WVR3,Q7RU07
Q13043,Q13188
Q13043,Q6ZTQ3
Q13043,Q7L9L4
Q13043,Q86VZ5
Q13043,Q86WH2
Q13043,Q9BVQ7
Q13043,Q9H2L5
Q13043,Q9H4B6
Q13188,Q6ZTQ3
Q13188,Q7L9L4
Q13188,Q86WH2
Q13188,Q9H2L5
Q13188,Q9H4B6
O95925,V9HWI4
P15502,P24158
P15502,P28300
P15502,P39900
P15502,P55001
P15502,Q08397
P15502,Q14112
P15502,Q9UBX5
P28300,Q9UBX5
Q9UBX5,Q08397
Q14CX7,Q8IXQ6
P60174,P01850
P60174,Q9Y234
P24158,P30740
P24158,Q8NBI4
Q9Y3B2,Q13615
Q9Y3B2,Q9NYS3
P49356,P49354
P17813,P37023
P17813,Q5JR98
P37023,P27037
P37023,P27038
P49354,P09529
Q12841,P08476
P01189,P33032
P01275,Q86TI0
P01344,P08833
P01344,P18065
P01344,P24592
P01344,Q6UW60
P08833,P05019
P18065,P05019
P24592,P05019
P01834,P01861
P01834,P43629
P01834,Q6N089
P01834,S6B291
P01834,S6C4S0
Q6N089,Q8TCD0
S6C4S0,P0CG05
P01850,P13747
P13747,Q13241
Q8TCD0,S6BAM6
P28067,Q9P2W7
Q16655,P51810
P05813,P26998
P05813,P43320
P05813,P53674
P07315,P07320
P07315,P30301
P07315,P43320
P30301,P43320
P43320,P53672
P43320,P53673
P35556,P55001
Q14160,P48065
Q9NW61,Q8N4B1
Q9UNS1,Q9BVW5
Q9UNS1,Q9H6E5
P02808,Q9HC84
Q9HC84,P04745
Q96PJ5,Q03403
P20930,P31944
P20930,Q9ULC6
P20930,Q9Y2J8
Q9Y657,Q5TEC6
Q8N307,Q9HB03
P26998,P53672
P53674,P53672
P53674,P53673
P08263,Q11201
P08476,P27037
P27037,Q5JR98
P08567,Q14642
P0C7T8,Q92565
Q13241,P26715
Q13241,Q07444
Q9GZU1,Q96K37
Q8N423,Q86XS5
Q02817,Q96FL9
P26715,Q01453
Q8WWG9,Q9H8B3
Q9NYS3,Q96SZ6
Q6NZ67,Q9BSJ2
Q96RT7,Q9BSJ2
Q9H6E5,Q99755
Q16787,Q96K37
Q5JTC6,Q8N944
Q31604,Q9P2W7
P26718,Q5VY80
P26718,Q6H3X3
P26718,Q8TD07
P26718,Q9BZM4
Q8NI08,Q06546
Q8NI08,Q15042
Q15042,Q06546
Q15042,Q96DA2
Q15042,Q9BSV6
Q8TB22,Q9H4F1
Q86UU5,Q5YKI7
Q86UU5,Q9H3C7
Q9HCG8,Q9Y421
Q9UHF4,Q9NPH9
Q9UHF4,Q9NYY1
Q9H2L5,Q86WH2
Q9H2L5,Q9H4B6
P43627,Q96QL3
Q9H4B6,Q86WH2
Q13635,Q15465
Q06546,Q9BSV6
Q9H6U8,Q93088
Q6PD74,Q96PC3
Q9BSV6,Q8WW01
Q13901,Q5VWK5
P98088,Q96FL9
Q96FL9,Q9H3R2
Q9NQT5,Q96SZ6
Q6UXL0,Q9NYY1
Q6UXL0,Q9UHD0
Q9BXY4,Q9BXB1
Q2I0M5,Q9BXB1
Q2L6B3,Q9UEW3
Q9UEW3,Q96PL1
Q86SG3,Q8TB72
Q86SG3,Q92904
Q8TB72,Q92904
Q8TB72,Q9NR90
Q9NS00,Q96EU7
